/*

DEPARTAMENTO

*/


INSERT INTO TB_DEPARTAMENTO (codigo,descricao) VALUES
  (1,'TI'),
  (2,'RH'),
  (3,'FINANCEIRO');
  

 
 
/*

CARGO

*/


INSERT INTO TB_CARGO (codigo,descricao,cod_departamento) VALUES
  (1,'ENGENHEIRO DE SOFTWARE',1),
  (2,'ARQUITETO DE SOFTWARE',1),
  (3,'ANALISTA DE SISTEMAS',1);
  
 /*

REGIAO

*/


INSERT INTO TB_REGIAO (codigo,descricao) VALUES
  (1,'SUDESTE'),
  (2,'SUL'),
  (3,'CENTRO OESTE'),
  (4,'NORTE'),
  (5,'NORDESTE');
  
 /*

ESTADO

*/

INSERT INTO TB_ESTADO (codigo,cod_regiao,descricao,uf) VALUES
  (1,1,'SAO PAULO','SP'),
  (2,1,'RIO DE JANEIRO','RJ');

  
 /*

CIDADE

*/


INSERT INTO TB_CIDADE (codigo,cod_estado,descricao) VALUES
(1,1,'Adamantina'),
(2,1,'Adolfo'),
(3,1,'Aguaí'),
(4,1,'Águas da Prata'),
(5,1,'Águas de Lindóia'),
(6,1,'Águas de Santa Bárbara'),
(7,1,'Águas de São Pedro'),
(8,1,'Agudos'),
(9,1,'Alambari'),
(10,1,'Alfredo Marcondes'),
(11,1,'Altair'),
(12,1,'Altinópolis'),
(13,1,'Alto Alegre'),
(14,1,'Alumínio'),
(15,1,'Álvares Florence'),
(16,1,'Álvares Machado'),
(17,1,'Álvaro de Carvalho'),
(18,1,'Alvinlândia'),
(19,1,'Americana'),
(20,1,'Américo Brasiliense'),
(21,1,'Américo de Campos'),
(22,1,'Amparo'),
(23,1,'Analândia'),
(24,1,'Andradina'),
(25,1,'Angatuba'),
(26,1,'Anhembi'),
(27,1,'Anhumas'),
(28,1,'Aparecida'),
(29,1,'Aparecida dOeste'),
(30,1,'Apiaí'),
(31,1,'Araçariguama'),
(32,1,'Araçatuba'),
(33,1,'Araçoiaba da Serra'),
(34,1,'Aramina'),
(35,1,'Arandu'),
(36,1,'Arapeí'),
(37,1,'Araraquara'),
(38,1,'Araras'),
(39,1,'Arco Íris'),
(40,1,'Arealva'),
(41,1,'Areias'),
(42,1,'Areiópolis'),
(43,1,'Ariranha'),
(44,1,'Artur Nogueira'),
(45,1,'Arujá'),
(46,1,'Aspásia'),
(47,1,'Assis'),
(48,1,'Atibaia'),
(49,1,'Auriflama'),
(50,1,'Avaí'),
(51,1,'Avanhandava'),
(52,1,'Avaré'),
(53,1,'Bady Bassitt'),
(54,1,'Balbinos'),
(55,1,'Bálsamo'),
(56,1,'Bananal'),
(57,1,'Barão de Antonina'),
(58,1,'Barbosa'),
(59,1,'Bariri'),
(60,1,'Barra Bonita'),
(61,1,'Barra do Chapéu'),
(62,1,'Barra do Turvo'),
(63,1,'Barretos'),
(64,1,'Barrinha'),
(65,1,'Barueri'),
(66,1,'Bastos'),
(67,1,'Batatais'),
(68,1,'Bauru'),
(69,1,'Bebedouro'),
(70,1,'Bento de Abreu'),
(71,1,'Bernardino de Campos'),
(72,1,'Bertioga'),
(73,1,'Bilac'),
(74,1,'Birigui'),
(75,1,'Biritibamirim'),
(76,1,'Boa Esperança do Sul'),
(77,1,'Bocaina'),
(78,1,'Bofete'),
(79,1,'Boituva'),
(80,1,'Bom Jesus dos Perdões'),
(81,1,'Bom Sucesso de Itararé'),
(82,1,'Borá'),
(83,1,'Boracéia'),
(84,1,'Borborema'),
(85,1,'Borebi'),
(86,1,'Botucatu'),
(87,1,'Bragança Paulista'),
(88,1,'Braúna'),
(89,1,'Brejo Alegre'),
(90,1,'Brodowski'),
(91,1,'Brotas'),
(92,1,'Buri'),
(93,1,'Buritama'),
(94,1,'Buritizal'),
(95,1,'Cabrália Paulista'),
(96,1,'Cabreúva'),
(97,1,'Caçapava'),
(98,1,'Cachoeira Paulista'),
(99,1,'Caconde'),
(100,1,'Cafelândia'),
(101,1,'Caiabu'),
(102,1,'Caieiras'),
(103,1,'Caiuá'),
(104,1,'Cajamar'),
(105,1,'Cajati'),
(106,1,'Cajobi'),
(107,1,'Cajuru'),
(108,1,'Campina do Monte Alegre'),
(109,1,'Campinas'),
(110,1,'Campo Limpo Paulista'),
(111,1,'Campos do Jordão'),
(112,1,'Campos Novos Paulista'),
(113,1,'Cananéia'),
(114,1,'Canas'),
(115,1,'Cândido Mota'),
(116,1,'Cândido Rodrigues'),
(117,1,'Canitar'),
(118,1,'Capão Bonito'),
(119,1,'Capela do Alto'),
(120,1,'Capivari'),
(121,1,'Caraguatatuba'),
(122,1,'Carapicuíba'),
(123,1,'Cardoso'),
(124,1,'Casa Branca'),
(125,1,'Cássia dos Coqueiros'),
(126,1,'Castilho'),
(127,1,'Catanduva'),
(128,1,'Catiguá'),
(129,1,'Cedral'),
(130,1,'Cerqueira César'),
(131,1,'Cerquilho'),
(132,1,'Cesário Lange'),
(133,1,'Charqueada'),
(134,1,'Chavantes'),
(135,1,'Clementina'),
(136,1,'Colina'),
(137,1,'Colômbia'),
(138,1,'Conchal'),
(139,1,'Conchas'),
(140,1,'Cordeirópolis'),
(141,1,'Coroados'),
(142,1,'Coronel Macedo'),
(143,1,'Corumbataí'),
(144,1,'Cosmópolis'),
(145,1,'Cosmorama'),
(146,1,'Cotia'),
(147,1,'Cravinhos'),
(148,1,'Cristais Paulista'),
(149,1,'Cruzália'),
(150,1,'Cruzeiro'),
(151,1,'Cubatão'),
(152,1,'Cunha'),
(153,1,'Descalvado'),
(154,1,'Diadema'),
(155,1,'Dirce Reis'),
(156,1,'Divinolândia'),
(157,1,'Dobrada'),
(158,1,'Dois Córregos'),
(159,1,'Dolcinópolis'),
(160,1,'Dourado'),
(161,1,'Dracena'),
(162,1,'Duartina'),
(163,1,'Dumont'),
(164,1,'Echaporã'),
(165,1,'Eldorado'),
(166,1,'Elias Fausto'),
(167,1,'Elisiário'),
(168,1,'Embaúba'),
(169,1,'Embu'),
(170,1,'Embu Guaçu'),
(171,1,'Emilianópolis'),
(172,1,'Engenheiro Coelho'),
(173,1,'Espírito Santo do Pinhal'),
(174,1,'Espírito Santo do Turvo'),
(175,1,'Estiva Gerbi'),
(176,1,'Estrela do Norte'),
(177,1,'Estrela dOeste'),
(178,1,'Euclides da Cunha Paulista'),
(179,1,'Fartura'),
(180,1,'Fernando Prestes'),
(181,1,'Fernandópolis'),
(182,1,'Fernão'),
(183,1,'Ferraz de Vasconcelos'),
(184,1,'Flora Rica'),
(185,1,'Floreal'),
(186,1,'Flórida Paulista'),
(187,1,'Florínea'),
(188,1,'Franca'),
(189,1,'Francisco Morato'),
(190,1,'Franco da Rocha'),
(191,1,'Gabriel Monteiro'),
(192,1,'Gália'),
(193,1,'Garça'),
(194,1,'Gastão Vidigal'),
(195,1,'Gavião Peixoto'),
(196,1,'General Salgado'),
(197,1,'Getulina'),
(198,1,'Glicério'),
(199,1,'Guaiçara'),
(200,1,'Guaimbê'),
(201,1,'Guaíra'),
(202,1,'Guapiaçu'),
(203,1,'Guapiara'),
(204,1,'Guará'),
(205,1,'Guaraçaí'),
(206,1,'Guaraci'),
(207,1,'Guarani dOeste'),
(208,1,'Guarantã'),
(209,1,'Guararapes'),
(210,1,'Guararema'),
(211,1,'Guaratinguetá'),
(212,1,'Guareí'),
(213,1,'Guariba'),
(214,1,'Guarujá'),
(215,1,'Guarulhos'),
(216,1,'Guatapará'),
(217,1,'Guzolândia'),
(218,1,'Herculândia'),
(219,1,'Holambra'),
(220,1,'Hortolândia'),
(221,1,'Iacanga'),
(222,1,'Iacri'),
(223,1,'Iaras'),
(224,1,'Ibaté'),
(225,1,'Ibirá'),
(226,1,'Ibirarema'),
(227,1,'Ibitinga'),
(228,1,'Ibiúna'),
(229,1,'Icém'),
(230,1,'Iepê'),
(231,1,'Igaraçu do Tietê'),
(232,1,'Igarapava'),
(233,1,'Igaratá'),
(234,1,'Iguape'),
(235,1,'Ilha Comprida'),
(236,1,'Ilha Solteira'),
(237,1,'Ilhabela'),
(238,1,'Indaiatuba'),
(239,1,'Indiana'),
(240,1,'Indiaporã'),
(241,1,'Inúbia Paulista'),
(242,1,'Ipaussu'),
(243,1,'Iperó'),
(244,1,'Ipeúna'),
(245,1,'Ipiguá'),
(246,1,'Iporanga'),
(247,1,'Ipuã'),
(248,1,'Iracemápolis'),
(249,1,'Irapuã'),
(250,1,'Irapuru'),
(251,1,'Itaberá'),
(252,1,'Itaí'),
(253,1,'Itajobi'),
(254,1,'Itaju'),
(255,1,'Itanhaém'),
(256,1,'Itaóca'),
(257,1,'Itapecerica da Serra'),
(258,1,'Itapetininga'),
(259,1,'Itapeva'),
(260,1,'Itapevi'),
(261,1,'Itapira'),
(262,1,'Itapirapuã Paulista'),
(263,1,'Itápolis'),
(264,1,'Itaporanga'),
(265,1,'Itapuí'),
(266,1,'Itapura'),
(267,1,'Itaquaquecetuba'),
(268,1,'Itararé'),
(269,1,'Itariri'),
(270,1,'Itatiba'),
(271,1,'Itatinga'),
(272,1,'Itirapina'),
(273,1,'Itirapuã'),
(274,1,'Itobi'),
(275,1,'Itu'),
(276,1,'Itupeva'),
(277,1,'Ituverava'),
(278,1,'Jaborandi'),
(279,1,'Jaboticabal'),
(280,1,'Jacareí'),
(281,1,'Jaci'),
(282,1,'Jacupiranga'),
(283,1,'Jaguariúna'),
(284,1,'Jales'),
(285,1,'Jambeiro'),
(286,1,'Jandira'),
(287,1,'Jardinópolis'),
(288,1,'Jarinu'),
(289,1,'Jaú'),
(290,1,'Jeriquara'),
(291,1,'Joanópolis'),
(292,1,'João Ramalho'),
(293,1,'José Bonifácio'),
(294,1,'Júlio Mesquita'),
(295,1,'Jumirim'),
(296,1,'Jundiaí'),
(297,1,'Junqueirópolis'),
(298,1,'Juquiá'),
(299,1,'Juquitiba'),
(300,1,'Lagoinha'),
(301,1,'Laranjal Paulista'),
(302,1,'Lavínia'),
(303,1,'Lavrinhas'),
(304,1,'Leme'),
(305,1,'Lençóis Paulista'),
(306,1,'Limeira'),
(307,1,'Lindóia'),
(308,1,'Lins'),
(309,1,'Lorena'),
(310,1,'Lourdes'),
(311,1,'Louveira'),
(312,1,'Lucélia'),
(313,1,'Lucianópolis'),
(314,1,'Luís Antônio'),
(315,1,'Luiziânia'),
(316,1,'Lupércio'),
(317,1,'Lutécia'),
(318,1,'Macatuba'),
(319,1,'Macaubal'),
(320,1,'Macedônia'),
(321,1,'Magda'),
(322,1,'Mairinque'),
(323,1,'Mairiporã'),
(324,1,'Manduri'),
(325,1,'Marabá Paulista'),
(326,1,'Maracaí'),
(327,1,'Marapoama'),
(328,1,'Mariápolis'),
(329,1,'Marília'),
(330,1,'Marinópolis'),
(331,1,'Martinópolis'),
(332,1,'Matão'),
(333,1,'Mauá'),
(334,1,'Mendonça'),
(335,1,'Meridiano'),
(336,1,'Mesópolis'),
(337,1,'Miguelópolis'),
(338,1,'Mineiros do Tietê'),
(339,1,'Mira Estrela'),
(340,1,'Miracatu'),
(341,1,'Mirandópolis'),
(342,1,'Mirante do Paranapanema'),
(343,1,'Mirassol'),
(344,1,'Mirassolândia'),
(345,1,'Mococa'),
(346,1,'Mogi das Cruzes'),
(347,1,'Mogi Guaçu'),
(348,1,'Mogi Mirim'),
(349,1,'Mombuca'),
(350,1,'Monções'),
(351,1,'Mongaguá'),
(352,1,'Monte Alegre do Sul'),
(353,1,'Monte Alto'),
(354,1,'Monte Aprazível'),
(355,1,'Monte Azul Paulista'),
(356,1,'Monte Castelo'),
(357,1,'Monte Mor'),
(358,1,'Monteiro Lobato'),
(359,1,'Morro Agudo'),
(360,1,'Morungaba'),
(361,1,'Motuca'),
(362,1,'Murutinga do Sul'),
(363,1,'Nantes'),
(364,1,'Narandiba'),
(365,1,'Natividade da Serra'),
(366,1,'Nazaré Paulista'),
(367,1,'Neves Paulista'),
(368,1,'Nhandeara'),
(369,1,'Nipoã'),
(370,1,'Nova Aliança'),
(371,1,'Nova Campina'),
(372,1,'Nova Canaã Paulista'),
(373,1,'Nova Castilho'),
(374,1,'Nova Europa'),
(375,1,'Nova Granada'),
(376,1,'Nova Guataporanga'),
(377,1,'Nova Independência'),
(378,1,'Nova Luzitânia'),
(379,1,'Nova Odessa'),
(380,1,'Novais'),
(381,1,'Novo Horizonte'),
(382,1,'Nuporanga'),
(383,1,'Ocauçu'),
(384,1,'Óleo'),
(385,1,'Olímpia'),
(386,1,'Onda Verde'),
(387,1,'Oriente'),
(388,1,'Orindiúva'),
(389,1,'Orlândia'),
(390,1,'Osasco'),
(391,1,'Oscar Bressane'),
(392,1,'Osvaldo Cruz'),
(393,1,'Ourinhos'),
(394,1,'Ouro Verde'),
(395,1,'Ouroeste'),
(396,1,'Pacaembu'),
(397,1,'Palestina'),
(398,1,'Palmares Paulista'),
(399,1,'Palmeira dOeste'),
(400,1,'Palmital'),
(401,1,'Panorama'),
(402,1,'Paraguaçu Paulista'),
(403,1,'Paraibuna'),
(404,1,'Paraíso'),
(405,1,'Paranapanema'),
(406,1,'Paranapuã'),
(407,1,'Parapuã'),
(408,1,'Pardinho'),
(409,1,'Pariquera Açu'),
(410,1,'Parisi'),
(411,1,'Patrocínio Paulista'),
(412,1,'Paulicéia'),
(413,1,'Paulínia'),
(414,1,'Paulistânia'),
(415,1,'Paulo de Faria'),
(416,1,'Pederneiras'),
(417,1,'Pedra Bela'),
(418,1,'Pedranópolis'),
(419,1,'Pedregulho'),
(420,1,'Pedreira'),
(421,1,'Pedrinhas Paulista'),
(422,1,'Pedro de Toledo'),
(423,1,'Penápolis'),
(424,1,'Pereira Barreto'),
(425,1,'Pereiras'),
(426,1,'Peruíbe'),
(427,1,'Piacatu'),
(428,1,'Piedade'),
(429,1,'Pilar do Sul'),
(430,1,'Pindamonhangaba'),
(431,1,'Pindorama'),
(432,1,'Pinhalzinho'),
(433,1,'Piquerobi'),
(434,1,'Piquete'),
(435,1,'Piracaia'),
(436,1,'Piracicaba'),
(437,1,'Piraju'),
(438,1,'Pirajuí'),
(439,1,'Pirangi'),
(440,1,'Pirapora do Bom Jesus'),
(441,1,'Pirapozinho'),
(442,1,'Pirassununga'),
(443,1,'Piratininga'),
(444,1,'Pitangueiras'),
(445,1,'Planalto'),
(446,1,'Platina'),
(447,1,'Poá'),
(448,1,'Poloni'),
(449,1,'Pompéia'),
(450,1,'Pongaí'),
(451,1,'Pontal'),
(452,1,'Pontalinda'),
(453,1,'Pontes Gestal'),
(454,1,'Populina'),
(455,1,'Porangaba'),
(456,1,'Porto Feliz'),
(457,1,'Porto Ferreira'),
(458,1,'Potim'),
(459,1,'Potirendaba'),
(460,1,'Pracinha'),
(461,1,'Pradópolis'),
(462,1,'Praia Grande'),
(463,1,'Pratânia'),
(464,1,'Presidente Alves'),
(465,1,'Presidente Bernardes'),
(466,1,'Presidente Epitácio'),
(467,1,'Presidente Prudente'),
(468,1,'Presidente Venceslau'),
(469,1,'Promissão'),
(470,1,'Quadra'),
(471,1,'Quatá'),
(472,1,'Queiroz'),
(473,1,'Queluz'),
(474,1,'Quintana'),
(475,1,'Rafard'),
(476,1,'Rancharia'),
(477,1,'Redenção da Serra'),
(478,1,'Regente Feijó'),
(479,1,'Reginópolis'),
(480,1,'Registro'),
(481,1,'Restinga'),
(482,1,'Ribeira'),
(483,1,'Ribeirão Bonito'),
(484,1,'Ribeirão Branco'),
(485,1,'Ribeirão Corrente'),
(486,1,'Ribeirão do Sul'),
(487,1,'Ribeirão dos Índios'),
(488,1,'Ribeirão Grande'),
(489,1,'Ribeirão Pires'),
(490,1,'Ribeirão Preto'),
(491,1,'Rifaina'),
(492,1,'Rincão'),
(493,1,'Rinópolis'),
(494,1,'Rio Claro'),
(495,1,'Rio das Pedras'),
(496,1,'Rio Grande da Serra'),
(497,1,'Riolândia'),
(498,1,'Riversul'),
(499,1,'Rosana'),
(500,1,'Roseira'),
(501,1,'Rubiácea'),
(502,1,'Rubinéia'),
(503,1,'Sabino'),
(504,1,'Sagres'),
(505,1,'Sales'),
(506,1,'Sales Oliveira'),
(507,1,'Salesópolis'),
(508,1,'Salmourão'),
(509,1,'Saltinho'),
(510,1,'Salto'),
(511,1,'Salto de Pirapora'),
(512,1,'Salto Grande'),
(513,1,'Sandovalina'),
(514,1,'Santa Adélia'),
(515,1,'Santa Albertina'),
(516,1,'Santa Bárbara dOeste'),
(517,1,'Santa Branca'),
(518,1,'Santa Clara dOeste'),
(519,1,'Santa Cruz da Conceição'),
(520,1,'Santa Cruz da Esperança'),
(521,1,'Santa Cruz das Palmeiras'),
(522,1,'Santa Cruz do Rio Pardo'),
(523,1,'Santa Ernestina'),
(524,1,'Santa Fé do Sul'),
(525,1,'Santa Gertrudes'),
(526,1,'Santa Isabel'),
(527,1,'Santa Lúcia'),
(528,1,'Santa Maria da Serra'),
(529,1,'Santa Mercedes'),
(530,1,'Santa Rita do Passa Quatro'),
(531,1,'Santa Rita dOeste'),
(532,1,'Santa Rosa de Viterbo'),
(533,1,'Santa Salete'),
(534,1,'Santana da Ponte Pensa'),
(535,1,'Santana de Parnaíba'),
(536,1,'Santo Anastácio'),
(537,1,'Santo André'),
(538,1,'Santo Antônio da Alegria'),
(539,1,'Santo Antônio de Posse'),
(540,1,'Santo Antônio do Aracanguá'),
(541,1,'Santo Antônio do Jardim'),
(542,1,'Santo Antônio do Pinhal'),
(543,1,'Santo Expedito'),
(544,1,'Santópolis do Aguapeí'),
(545,1,'Santos'),
(546,1,'São Bento do Sapucaí'),
(547,1,'São Bernardo do Campo'),
(548,1,'São Caetano do Sul'),
(549,1,'São Carlos'),
(550,1,'São Francisco'),
(551,1,'São João da Boa Vista'),
(552,1,'São João das Duas Pontes'),
(553,1,'São João de Iracema'),
(554,1,'São João do Pau dAlho'),
(555,1,'São Joaquim da Barra'),
(556,1,'São José da Bela Vista'),
(557,1,'São José do Barreiro'),
(558,1,'São José do Rio Pardo'),
(559,1,'São José do Rio Preto'),
(560,1,'São José dos Campos'),
(561,1,'São Lourenço da Serra'),
(562,1,'São Luiz do Paraitinga'),
(563,1,'São Manuel'),
(564,1,'São Miguel Arcanjo'),
(565,1,'São Paulo'),
(566,1,'São Pedro'),
(567,1,'São Pedro do Turvo'),
(568,1,'São Roque'),
(569,1,'São Sebastião'),
(570,1,'São Sebastião da Grama'),
(571,1,'São Simão'),
(572,1,'São Vicente'),
(573,1,'Sarapuí'),
(574,1,'Sarutaiá'),
(575,1,'Sebastianópolis do Sul'),
(576,1,'Serra Azul'),
(577,1,'Serra Negra'),
(578,1,'Serrana'),
(579,1,'Sertãozinho'),
(580,1,'Sete Barras'),
(581,1,'Severínia'),
(582,1,'Silveiras'),
(583,1,'Socorro'),
(584,1,'Sorocaba'),
(585,1,'Sud Mennucci'),
(586,1,'Sumaré'),
(587,1,'Suzanápolis'),
(588,1,'Suzano'),
(589,1,'Tabapuã'),
(590,1,'Tabatinga'),
(591,1,'Taboão da Serra'),
(592,1,'Taciba'),
(593,1,'Taguaí'),
(594,1,'Taiaçu'),
(595,1,'Taiúva'),
(596,1,'Tambaú'),
(597,1,'Tanabi'),
(598,1,'Tapiraí'),
(599,1,'Tapiratiba'),
(600,1,'Taquaral'),
(601,1,'Taquaritinga'),
(602,1,'Taquarituba'),
(603,1,'Taquarivaí'),
(604,1,'Tarabai'),
(605,1,'Tarumã'),
(606,1,'Tatuí'),
(607,1,'Taubaté'),
(608,1,'Tejupá'),
(609,1,'Teodoro Sampaio'),
(610,1,'Terra Roxa'),
(611,1,'Tietê'),
(612,1,'Timburi'),
(613,1,'Torre de Pedra'),
(614,1,'Torrinha'),
(615,1,'Trabiju'),
(616,1,'Tremembé'),
(617,1,'Três Fronteiras'),
(618,1,'Tuiuti'),
(619,1,'Tupã'),
(620,1,'Tupi Paulista'),
(621,1,'Turiúba'),
(622,1,'Turmalina'),
(623,1,'Ubarana'),
(624,1,'Ubatuba'),
(625,1,'Ubirajara'),
(626,1,'Uchoa'),
(627,1,'União Paulista'),
(628,1,'Urânia'),
(629,1,'Uru'),
(630,1,'Urupês'),
(631,1,'Valentim Gentil'),
(632,1,'Valinhos'),
(633,1,'Valparaíso'),
(634,1,'Vargem'),
(635,1,'Vargem Grande do Sul'),
(636,1,'Vargem Grande Paulista'),
(637,1,'Várzea Paulista'),
(638,1,'Vera Cruz'),
(639,1,'Vinhedo'),
(640,1,'Viradouro'),
(641,1,'Vista Alegre do Alto'),
(642,1,'Vitória Brasil'),
(643,1,'Votorantim'),
(644,1,'Votuporanga'),
(645,2,'Angra dos Reis'),
(646,2,'Aperibé'),
(647,2,'Araruama'),
(648,2,'Areal'),
(649,2,'Armação dos Búzios'),
(650,2,'Arraial do Cabo'),
(651,2,'Barra do Piraí'),
(652,2,'Barra Mansa'),
(653,2,'Belford Roxo'),
(654,2,'Bom Jardim'),
(655,2,'Bom Jesus do Itabapoana'),
(656,2,'Cabo Frio'),
(657,2,'Cachoeiras de Macacu'),
(658,2,'Cambuci'),
(659,2,'Campos dos Goytacazes'),
(660,2,'Cantagalo'),
(661,2,'Carapebus'),
(662,2,'Cardoso Moreira'),
(663,2,'Carmo'),
(664,2,'Casimiro de Abreu'),
(665,2,'Comendador Levy Gasparian'),
(666,2,'Conceição de Macabu'),
(667,2,'Cordeiro'),
(668,2,'Duas Barras'),
(669,2,'Duque de Caxias'),
(670,2,'Engenheiro Paulo de Frontin'),
(671,2,'Guapimirim'),
(672,2,'Iguaba Grande'),
(673,2,'Itaboraí'),
(674,2,'Itaguaí'),
(675,2,'Italva'),
(676,2,'Itaocara'),
(677,2,'Itaperuna'),
(678,2,'Itatiaia'),
(679,2,'Japeri'),
(680,2,'Laje do Muriaé'),
(681,2,'Macaé'),
(682,2,'Macuco'),
(683,2,'Magé'),
(684,2,'Mangaratiba'),
(685,2,'Maricá'),
(686,2,'Mendes'),
(687,2,'Mesquita'),
(688,2,'Miguel Pereira'),
(689,2,'Miracema'),
(690,2,'Natividade'),
(691,2,'Nilópolis'),
(692,2,'Niterói'),
(693,2,'Nova Friburgo'),
(694,2,'Nova Iguaçu'),
(695,2,'Paracambi'),
(696,2,'Paraíba do Sul'),
(697,2,'Paraty'),
(698,2,'Paty do Alferes'),
(699,2,'Petrópolis'),
(700,2,'Pinheiral'),
(701,2,'Piraí'),
(702,2,'Porciúncula'),
(703,2,'Porto Real'),
(704,2,'Quatis'),
(705,2,'Queimados'),
(706,2,'Quissamã'),
(707,2,'Resende'),
(708,2,'Rio Bonito'),
(709,2,'Rio Claro'),
(710,2,'Rio das Flores'),
(711,2,'Rio das Ostras'),
(712,2,'Rio de Janeiro (capital)'),
(713,2,'Santa Maria Madalena'),
(714,2,'Santo Antônio de Pádua'),
(715,2,'São Fidélis'),
(716,2,'São Francisco de Itabapoana'),
(717,2,'São Gonçalo'),
(718,2,'São João da Barra'),
(719,2,'São João de Meriti'),
(720,2,'São José de Ubá'),
(721,2,'São José do Vale do Rio Preto'),
(722,2,'São Pedro da Aldeia'),
(723,2,'São Sebastião do Alto'),
(724,2,'Sapucaia'),
(725,2,'Saquarema'),
(726,2,'Seropédica'),
(727,2,'Silva Jardim'),
(728,2,'Sumidouro'),
(729,2,'Tanguá'),
(730,2,'Teresópolis'),
(731,2,'Trajano de Moraes'),
(732,2,'Três Rios'),
(733,2,'Valença'),
(734,2,'Varre-Sai'),
(735,2,'Vassouras'),
(736,2,'Volta Redonda');

INSERT INTO TB_TIPO_TELEFONE (codigo,descricao) VALUES
 (1,'Fixo'),
 (2,'Celular'),
 (3,'Recado');
  
INSERT INTO TB_TIPO_ENDERECO (codigo,descricao) VALUES
 (1,'Residencial'),
 (2,'Comercial');
 
INSERT INTO TB_TIPO_LOGRADOURO (codigo,descricao) VALUES
(1,'Aeroporto'),
(2,'Alameda'),
(3,'Área'),
(4,'Avenida'),
(5,'Campo'),
(6,'Chácara'),
(7,'Colônia'),
(8,'Condomínio'),
(9,'Conjunto'),
(10,'Distrito'),
(11,'Esplanada'),
(12,'Estação'),
(13,'Estrada'),
(14,'Favela'),
(15,'Feira'),
(16,'Jardim'),
(17,'Ladeira'),
(18,'Lago'),
(19,'Lagoa'),
(20,'Largo'),
(21,'Loteamento'),
(22,'Morro'),
(23,'Núcleo'),
(24,'Parque'),
(25,'Passarela'),
(26,'Pátio'),
(27,'Praça'),
(28,'Quadra'),
(29,'Recanto'),
(30,'Residencial'),
(31,'Rodovia'),
(32,'Rua'),
(33,'Setor'),
(34,'Sítio'),
(35,'Travessa'),
(36,'Trecho'),
(37,'Trevo'),
(38,'Vale'),
(39,'Vereda'),
(40,'Via'),
(41,'Viaduto'),
(42,'Viela'),
(43,'Vila');
  
  
  